function,category,n_train,best_degree,C_train,C_test,deltaC,R2_train,R2_test,gap,d_deltaC,d_gap,d_R2_train,d_R2_test,d2_deltaC,d2_gap,deltaC_ratio
linear,A_smooth,20,10,1689.1728429624318,215.60514609940563,-1473.5676968630262,0.98831387045058,0.9724218637906101,0.015892006659969815,,,,,,,
linear,A_smooth,40,10,235.25853077589704,215.60514609940563,-19.653384676491413,0.9816861993727163,0.9724218637906101,0.009264335582106153,72.69571560932674,-0.0003313835538931831,-0.0003313835538931831,0.0,,,0.01333727979944872
linear,A_smooth,60,10,342.81072329179375,215.60514609940563,-127.20557719238812,0.9817203574000323,0.9724218637906101,0.009298493609422143,-5.377609625794835,1.707901365799458e-06,1.707901365799458e-06,0.0,-3.9036662617560784,1.665457276294913e-05,6.472451401439585
linear,A_smooth,80,10,1855.616130087639,215.60514609940563,-1640.0109839882334,0.9795788772182166,0.9724218637906101,0.00715701342760644,-75.64027033979227,-0.00010707400909078513,-0.00010707400909078513,0.0,-3.513133035699872,-5.439095522829229e-06,12.89260282595825
linear,A_smooth,100,10,892.0453925363162,215.60514609940563,-676.4402464369106,0.9784029811428232,0.9724218637906101,0.005981117352213072,48.178536877566145,-5.879480376966839e-05,-5.879480376966839e-05,0.0,6.190940360867921,2.413960266055837e-06,0.4124608024221403
linear,A_smooth,120,10,181.05201769118742,215.60514609940563,34.553128408218214,0.9753221809770869,0.9724218637906101,0.002900317186476764,35.549668742256436,-0.00015404000828681542,-0.00015404000828681542,0.0,-0.6314434067654855,-4.762260225857351e-06,-0.05108082878010848
linear,A_smooth,140,10,387.0977760560302,215.60514609940563,-171.4926299566246,0.9742119907377105,0.9724218637906101,0.0017901269471003456,-10.30228791824214,-5.550951196882092e-05,-5.550951196882092e-05,0.0,-2.292597833024929,4.926524815899724e-06,-4.9631578342364016
linear,A_smooth,160,10,186.53635372864161,215.60514609940563,29.068792370764015,0.9723974653610705,0.9724218637906101,-2.4398429539607136e-05,10.02807111636943,-9.072626883199764e-05,-9.072626883199764e-05,0.0,1.0165179517305785,-1.7608378431588357e-06,-0.16950461590166496
linear,A_smooth,180,10,473.7924581346601,215.60514609940563,-258.1873120352544,0.974516660740408,0.9724218637906101,0.0020947969497978614,-14.362805220300922,0.00010595976896687342,0.00010595976896687342,0.0,-1.2195438168335175,9.834301889943553e-06,-8.88194145605191
linear,A_smooth,200,10,92.57972669216404,215.60514609940563,123.02541940724159,0.97467280454002,0.9724218637906101,0.002250940749409902,19.0606365721248,7.807189980602035e-06,7.807189980602035e-06,0.0,1.671172089621286,-4.907628949313569e-06,-0.47649676677544467
linear,A_smooth,220,10,485.79912713047065,215.60514609940563,-270.19398103106505,0.9754414468649213,0.9724218637906101,0.0030195830743111607,-19.660970021915332,3.843211624506293e-05,3.843211624506293e-05,0.0,-1.9360803297020066,1.5312463132230448e-06,-2.1962451526920845
linear,A_smooth,240,10,922.2680186884999,215.60514609940563,-706.6628725890943,0.9753028807367459,0.9724218637906101,0.0028810169461357393,-21.823444577901462,-6.928306408771067e-06,-6.928306408771067e-06,0.0,-0.10812372779930648,-2.2680211326917e-06,2.6153908754460633
linear,A_smooth,260,10,71.33588416333419,215.60514609940563,144.26926193607144,0.9732870603574236,0.9724218637906101,0.0008651965668134975,42.54660672625828,-0.00010079101896611209,-0.00010079101896611209,0.0,3.218502565207987,-4.6931356278670515e-06,-0.2041557120547356
linear,A_smooth,280,10,152.75635517025248,215.60514609940563,62.848790929153154,0.9733199463808462,0.9724218637906101,0.000898082590236049,-4.071023550345915,1.6443011711275712e-06,1.6443011711275712e-06,0.0,-2.3308815138302097,5.1217660068619835e-06,0.4356353535446982
linear,A_smooth,300,10,413.11141043100724,215.60514609940563,-197.5062643316016,0.9742668880695715,0.9724218637906101,0.0018450242789613824,-13.017752763037738,4.734708443626667e-05,4.734708443626667e-05,0.0,-0.44733646063459115,2.285139163256955e-06,-3.142562671639018
linear,A_smooth,320,10,232.69066047943866,215.60514609940563,-17.085514380033032,0.9755472401503082,0.9724218637906101,0.0031253763596981177,9.02103749757843,6.401760403683676e-05,6.401760403683676e-05,0.0,1.1019395130308083,8.335259800285045e-07,0.0865061897548092
linear,A_smooth,340,10,132.25808267199653,215.60514609940563,83.3470634274091,0.9736629707481823,0.9724218637906101,0.00124110695757218,5.0216288903721065,-9.421347010629688e-05,-9.421347010629688e-05,0.0,-0.19997043036031617,-7.911553707156681e-06,-4.87822968472126
linear,A_smooth,360,10,48.703618578655885,215.60514609940563,166.90152752074974,0.9737241744090596,0.9724218637906101,0.0013023106184494315,4.177723204667032,3.0601830438625743e-06,3.0601830438625743e-06,0.0,-0.04219528428525372,4.863682657507973e-06,2.002488397999915
linear,A_smooth,380,10,229.5530867016836,215.60514609940563,-13.947940602277981,0.9727203541050657,0.9724218637906101,0.0002984903144556128,-9.042473406151386,-5.019101519969093e-05,-5.019101519969093e-05,0.0,-0.6610098305409209,-2.6625599121776753e-06,-0.08356987985351978
linear,A_smooth,400,10,289.95940517994,215.60514609940563,-74.35425908053438,0.9720816826062092,0.9724218637906101,-0.0003401811844009339,-3.0203159239128197,-3.1933574942827336e-05,-3.1933574942827336e-05,0.0,0.3011078741119283,9.128720128431799e-07,5.3308413909069
linear,A_smooth,420,10,206.79014058400875,215.60514609940563,8.815005515396876,0.9727748334640114,0.9724218637906101,0.00035296967340125995,4.1584632297965625,3.4657542890109695e-05,3.4657542890109695e-05,0.0,0.3589389576854691,3.329555891646851e-06,-0.11855414369537584
linear,A_smooth,440,10,134.4208546294231,215.60514609940563,81.18429146998253,0.9712833162289789,0.9724218637906101,-0.0011385475616312313,3.6184642977292825,-7.457586175162456e-05,-7.457586175162456e-05,0.0,-0.026999946603364,-5.4616702320867135e-06,9.209783400382522
linear,A_smooth,460,10,53.15454975205147,215.60514609940563,162.45059634735415,0.973163178080476,0.9724218637906101,0.000741314289865902,4.063315243868582,9.399309257485667e-05,9.399309257485667e-05,0.0,0.022242547306964955,8.428447716324062e-06,2.0010102127628895
linear,A_smooth,480,10,151.38160902918474,215.60514609940563,64.22353707022089,0.9735065305856224,0.9724218637906101,0.0010846667950122901,-4.911352963856663,1.7167625257319407e-05,1.7167625257319407e-05,0.0,-0.44873341038626224,-3.841273365876863e-06,0.39534195942806644
linear,A_smooth,500,10,272.54336756833317,215.60514609940563,-56.93822146892754,0.9736201883434275,0.9724218637906101,0.0011983245528173203,-6.0580879269574215,5.682887890251509e-06,5.682887890251509e-06,0.0,-0.057336748155037934,-5.742368683533949e-07,-0.8865631521769393
quadratic,A_smooth,20,10,8039.612137474735,910.0736545734113,-7129.538482901324,0.9576310631933627,0.9072005417652219,0.05043052142814075,,,,,,,
quadratic,A_smooth,40,10,1053.3473396188201,910.0736545734113,-143.2736850454088,0.9336946288427063,0.9072005417652219,0.026494087077484352,349.31323989279576,-0.0011968217175328199,-0.0011968217175328199,0.0,,,0.020095786759412287
quadratic,A_smooth,60,10,1526.638286764717,910.0736545734113,-616.5646321913056,0.9342802016712756,0.9072005417652219,0.027079659906053655,-23.66454735729484,2.9278641428465145e-05,2.9278641428465145e-05,0.0,-18.64888936250453,6.130501794806426e-05,4.303404578418522
quadratic,A_smooth,80,10,8226.96821769344,910.0736545734113,-7316.894563120029,0.9280198634144159,0.9072005417652219,0.020819321649193978,-335.01649654643614,-0.0003130169128429838,-0.0003130169128429838,0.0,-15.567597459457065,-1.711477771357245e-05,11.867197988822959
quadratic,A_smooth,100,10,4129.517225766738,910.0736545734113,-3219.443571193327,0.9190444420385806,0.9072005417652219,0.011843900273358687,204.8725495963351,-0.00044877106879176454,-0.00044877106879176454,0.0,26.994452307138562,-6.787707797439036e-06,0.440001361700709
quadratic,A_smooth,120,10,778.40056315055,910.0736545734113,131.67309142286126,0.9082272494406609,0.9072005417652219,0.001026707675438998,167.55583313080942,-0.0005408596298959844,-0.0005408596298959844,0.0,-1.8658358232762837,-4.604428055210994e-06,-0.040899331984270496
quadratic,A_smooth,140,10,1684.9060889091234,910.0736545734113,-774.832434335712,0.9087567845798148,0.9072005417652219,0.0015562428145928786,-45.325276287928666,2.6476756957694024e-05,2.6476756957694024e-05,0.0,-10.644055470936904,2.8366819342683922e-05,-5.884516160157417
quadratic,A_smooth,160,10,781.8783851545109,910.0736545734113,128.19526941890047,0.9056345883403739,0.9072005417652219,-0.001565953424847999,45.151385187730625,-0.0001561098119720439,-0.0001561098119720439,0.0,4.523833073782964,-9.129328446486897e-06,-0.16544902321855726
quadratic,A_smooth,180,10,2107.873879266537,910.0736545734113,-1197.800224693126,0.9090285668554529,0.9072005417652219,0.0018280250902309447,-66.29977470560132,0.0001696989257539472,0.0001696989257539472,0.0,-5.572557994666598,1.6290436886299556e-05,-9.343560258679315
quadratic,A_smooth,200,10,366.7265931813659,910.0736545734113,543.3470613920454,0.9103051915765225,0.9072005417652219,0.0031046498113005416,87.05736430425857,6.383123605347984e-05,6.383123605347984e-05,0.0,7.667856950492995,-5.2933844850233675e-06,-0.4536207709689233
quadratic,A_smooth,220,10,2151.9225941442705,910.0736545734113,-1241.8489395708593,0.9126909759085153,0.9072005417652219,0.005490434143293421,-89.25980004814524,0.00011928921659964397,0.00011928921659964397,0.0,-8.81585821762019,2.7728990273082066e-06,-2.2855537975843006
quadratic,A_smooth,240,10,4158.138802293223,910.0736545734113,-3248.065147719812,0.9115580713863074,0.9072005417652219,0.0043575296210854875,-100.31081040744763,-5.6645226110396686e-05,-5.6645226110396686e-05,0.0,-0.5525505179651198,-8.796722135502033e-06,2.6155074455692113
quadratic,A_smooth,260,10,269.4280703251053,910.0736545734113,640.645584248306,0.9046534350271406,0.9072005417652219,-0.0025471067380813395,194.43553659840592,-0.00034523181795834135,-0.00034523181795834135,0.0,14.737317350292676,-1.4429329592397232e-05,-0.1972391424162315
quadratic,A_smooth,280,10,636.5371931250517,910.0736545734113,273.53646144835966,0.9058206429549265,0.9072005417652219,-0.0013798988102954324,-18.35545613999732,5.8360396389295353e-05,5.8360396389295353e-05,0.0,-10.639549636920162,2.0179610717381835e-05,0.42697002550842594
quadratic,A_smooth,300,10,1807.8253762007291,910.0736545734113,-897.7517216273178,0.9099067057566074,0.9072005417652219,0.0027061639913854574,-58.56440915378387,0.0002043031400840445,0.0002043031400840445,0.0,-2.010447650689328,7.297137184737457e-06,-3.2820184807311414
quadratic,A_smooth,320,10,989.5461999831331,910.0736545734113,-79.47254540972176,0.9154296386077231,0.9072005417652219,0.008229096842501171,40.913958810879805,0.0002761466425557857,0.0002761466425557857,0.0,4.973918398233184,3.5921751235870613e-06,0.0885239688158605
quadratic,A_smooth,340,10,555.1903038600288,910.0736545734113,354.88335071338247,0.9041159511174064,0.9072005417652219,-0.0030845906478155216,21.71779480615521,-0.0005656843745158347,-0.0005656843745158347,0.0,-0.9598082002362297,-4.209155085358102e-05,-4.465483631910575
quadratic,A_smooth,360,10,168.4382241357758,910.0736545734113,741.6354304376355,0.9071451993184928,0.9072005417652219,-5.534244672911193e-05,19.33760398621265,0.0001514624100543205,0.0001514624100543205,0.0,-0.11900954099712813,3.585733922850776e-05,2.0898005751659197
quadratic,A_smooth,380,10,1007.8641123041831,910.0736545734113,-97.79045773077178,0.8988405464271357,0.9072005417652219,-0.008359995338086179,-41.97129440842036,-0.0004152326445678534,-0.0004152326445678534,0.0,-3.0654449197316507,-2.8334752731108693e-05,-0.13185785591859614
quadratic,A_smooth,400,10,1276.5491179537394,910.0736545734113,-366.47546338032805,0.8980737065445041,0.9072005417652219,-0.009126835220717777,-13.434250282477814,-3.8341994131579904e-05,-3.8341994131579904e-05,0.0,1.4268522062971276,1.8844532521813675e-05,3.7475585234428146
quadratic,A_smooth,420,10,897.1448543689417,910.0736545734113,12.928800204469667,0.8998492624357337,0.9072005417652219,-0.007351279329488203,18.970213179239884,8.877779456147871e-05,8.877779456147871e-05,0.0,1.620223173085885,6.3559894346529305e-06,-0.03527876078036953
quadratic,A_smooth,440,10,565.0359772954363,910.0736545734113,345.03767727797504,0.8945948316876253,0.9072005417652219,-0.012605710077596588,16.60544385367527,-0.00026272153740541926,-0.00026272153740541926,0.0,-0.1182384662782308,-1.75749665983449e-05,26.687524891806333
quadratic,A_smooth,460,10,187.25175011648835,910.0736545734113,722.821904456923,0.9042438024801375,0.9072005417652219,-0.002956739285084442,18.8892113589474,0.0004824485396256073,0.0004824485396256073,0.0,0.11418837526360655,3.725850385155133e-05,2.0949071711800076
quadratic,A_smooth,480,10,622.2070188725273,910.0736545734113,287.866635700884,0.9071526474996829,0.9072005417652219,-4.789426553897247e-05,-21.74776343780195,0.0001454422509772735,0.0001454422509772735,0.0,-2.0318487398374674,-1.685031443241669e-05,0.39825389065535655
quadratic,A_smooth,500,10,1161.169041834227,910.0736545734113,-251.09538726081576,0.9067657164551624,0.9072005417652219,-0.00043482531005956115,-26.948101148084987,-1.9346552226029435e-05,-1.9346552226029435e-05,0.0,-0.26001688551415186,-8.239440160165147e-06,-0.8722629027482142
sine,B_oscillatory,20,10,4353.107516380347,616.5923163957939,-3736.515199984553,0.9928485736131821,0.9817814901622209,0.01106708345096119,,,,,,,
sine,B_oscillatory,40,10,623.9841927577291,616.5923163957939,-7.39187636193526,0.9871384613985817,0.9817814901622209,0.005356971236360808,186.45616618113087,-0.0002855056107300191,-0.0002855056107300191,0.0,,,0.0019782808221858214
sine,B_oscillatory,60,10,968.8080274865703,616.5923163957939,-352.2157110907764,0.9861727144239242,0.9817814901622209,0.0043912242617032415,-17.241191736442055,-4.828734873287832e-05,-4.828734873287832e-05,0.0,-10.184867895878646,1.1860913099857039e-05,47.64902628844337
sine,B_oscillatory,80,10,5275.279337887201,616.5923163957939,-4658.687021491407,0.9838049464341528,0.9817814901622209,0.0020234562719319005,-215.32356552003154,-0.00011838839948856706,-0.00011838839948856706,0.0,-9.904118689179473,-3.505052537784436e-06,13.226800721250978
sine,B_oscillatory,100,10,2473.8827278278654,616.5923163957939,-1857.2904114320716,0.9858317211462736,0.9817814901622209,0.004050230984052661,140.06983050296677,0.00010133873560603801,0.00010133873560603801,0.0,17.769669801149917,1.0986356754730253e-05,0.39867250211573313
sine,B_oscillatory,120,10,481.71740531932187,616.5923163957939,134.87491107647202,0.9837622958290672,0.9817814901622209,0.0019808056668462193,99.60826612542718,-0.00010347126586032206,-0.00010347126586032206,0.0,-2.0230782188769796,-1.0240500073318003e-05,-0.07261918235634252
sine,B_oscillatory,140,10,1081.0210358650518,616.5923163957939,-464.4287194692579,0.9815187078253733,0.9817814901622209,-0.0002627823368476223,-29.965181527286497,-0.00011217940018469208,-0.00011217940018469208,0.0,-6.478672382635684,-4.354067162185006e-07,-3.4434033413815106
sine,B_oscillatory,160,10,501.5129927471054,616.5923163957939,115.0793236486885,0.9799528725065779,0.9817814901622209,-0.0018286176556430167,28.97540215589732,-7.829176593976973e-05,-7.829176593976973e-05,0.0,2.9470291841591907,1.6943817122461177e-06,-0.24778683751555977
sine,B_oscillatory,180,10,1318.7673264838074,616.5923163957939,-702.1750100880136,0.9820999042002321,0.9817814901622209,0.0003184140380111389,-40.8627166868351,0.00010735158468270778,0.00010735158468270778,0.0,-3.491905942136621,9.282167531123875e-06,-6.101660905060558
sine,B_oscillatory,200,10,238.23712608857022,616.5923163957939,378.35519030722367,0.9827816404200266,0.9817814901622209,0.0010001502578056432,54.02651001976186,3.4086810989725216e-05,3.4086810989725216e-05,0.0,4.744461335329848,-3.663238684649128e-06,-0.538833175307391
sine,B_oscillatory,220,10,1351.1373149939043,616.5923163957939,-734.5449985981104,0.9833518745658631,0.9817814901622209,0.001570384403642211,-55.6450094452667,2.8511707291828393e-05,2.8511707291828393e-05,0.0,-5.483575973251428,-2.7875518489484117e-07,-1.9414164716536895
sine,B_oscillatory,240,10,2551.9682381035636,616.5923163957939,-1935.3759217077697,0.9838509754378956,0.9817814901622209,0.002069485275674632,-60.04154615548297,2.495504360162104e-05,2.495504360162104e-05,0.0,-0.21982683551081336,-1.7783318451036767e-07,2.63479558829134
sine,B_oscillatory,260,10,177.74640098510667,616.5923163957939,438.8459154106872,0.9818581145856484,0.9817814901622209,7.662442342748488e-05,118.71109185592286,-9.964304261235735e-05,-9.964304261235735e-05,0.0,8.937631900570292,-6.229904310698919e-06,-0.22674970298455038
sine,B_oscillatory,280,10,415.4784956941831,616.5923163957939,201.1138207016108,0.9821812438494184,0.9817814901622209,0.0003997536871974683,-11.88660473545382,1.6156463188499172e-05,1.6156463188499172e-05,0.0,-6.529884829568834,5.789975290042826e-06,0.45827889388785015
sine,B_oscillatory,300,10,1164.0989274786505,616.5923163957939,-547.5066110828566,0.9818613967768097,0.9817814901622209,7.990661458878723e-05,-37.43102158922337,-1.5992353630434054e-05,-1.5992353630434054e-05,0.0,-1.2772208426884775,-1.6074408409466614e-06,-2.7223718846015212
sine,B_oscillatory,320,10,647.5512652467937,616.5923163957939,-30.958948850999832,0.9820899234639062,0.9817814901622209,0.0003084333016852847,25.827383111592837,1.1426334354824874e-05,1.1426334354824874e-05,0.0,3.1629202350408105,1.3709343992629464e-06,0.05654534251151659
sine,B_oscillatory,340,10,348.78401917539304,616.5923163957939,267.80829722040085,0.9824422363636451,0.9817814901622209,0.0006607462014242005,14.938362303570035,1.761564498694579e-05,1.761564498694579e-05,0.0,-0.5444510404011401,3.094655316060458e-07,-8.650432497218066
sine,B_oscillatory,360,10,114.70238479235086,616.5923163957939,501.889931603443,0.9816322525876202,0.9817814901622209,-0.00014923757460072462,11.704081719152109,-4.049918880124626e-05,-4.049918880124626e-05,0.0,-0.16171402922089628,-2.905741689409602e-06,1.8740641601197205
sine,B_oscillatory,380,10,631.7416895219319,616.5923163957939,-15.149373126138016,0.9814155173846136,0.9817814901622209,-0.00036597277760730407,-25.851965236479053,-1.0836760150328973e-05,-1.0836760150328973e-05,0.0,-1.877802347781558,1.483121432545864e-06,-0.03018465239527449
sine,B_oscillatory,400,10,808.3991845100127,616.5923163957939,-191.8068681142188,0.9808083334166915,0.9817814901622209,-0.0009731567455294465,-8.832874749404038,-3.0359198396107125e-05,-3.0359198396107125e-05,0.0,0.8509545243537507,-9.761219122889076e-07,12.661043233748348
sine,B_oscillatory,420,10,564.958105566391,616.5923163957939,51.63421082940283,0.9816225386808966,0.9817814901622209,-0.00015895148132438752,12.17205394718108,4.071026321025295e-05,4.071026321025295e-05,0.0,1.050246434829256,3.553473080318004e-06,-0.2691989673626038
sine,B_oscillatory,440,10,359.02760490013975,616.5923163957939,257.56471149565414,0.9805429413595813,0.9817814901622209,-0.0012385488026396274,10.296525033312566,-5.397986606576199e-05,-5.397986606576199e-05,0.0,-0.09377644569342572,-4.734506463800747e-06,4.988256959066086
sine,B_oscillatory,460,10,125.43762660844848,616.5923163957939,491.15468978734543,0.9803793931624036,0.9817814901622209,-0.0014020969998173038,11.679498914584565,-8.177409858883821e-06,-8.177409858883821e-06,0.0,0.06914869406359996,2.2901228103439088e-06,1.9069176322146624
sine,B_oscillatory,480,10,418.73031713680507,616.5923163957939,197.86199925898882,0.9800816384227721,0.9817814901622209,-0.0016998517394488655,-14.664634526417831,-1.4887736981578081e-05,-1.4887736981578081e-05,0.0,-1.3172066720501199,-3.35516356134713e-07,0.4028506769316544
sine,B_oscillatory,500,10,790.0383145824339,616.5923163957939,-173.44599818664005,0.9795853732161066,0.9817814901622209,-0.0021961169461143237,-18.565399872281443,-2.481326033327291e-05,-2.481326033327291e-05,0.0,-0.19503826729318058,-4.962761675847415e-07,-0.8766008573460851
sine_high,B_oscillatory,20,10,126139.9399711703,4933.19870769346,-121206.74126347684,0.6367679841224327,0.333513498779927,0.30325448534250576,,,,,,,
sine_high,B_oscillatory,40,10,44511.23437591766,4933.19870769346,-39578.0356682242,0.5493632513615898,0.333513498779927,0.21584975258166283,4081.435279762632,-0.0043702366380421465,-0.0043702366380421465,0.0,,,0.32653328730445974
sine_high,B_oscillatory,60,10,19121.40224698788,4933.19870769346,-14188.20353929442,0.4889143616982906,0.333513498779927,0.15540086291836364,1269.491606446489,-0.00302244448316496,-0.00302244448316496,0.0,-140.59718366580714,6.738960774385934e-05,0.3584868046062636
sine_high,B_oscillatory,80,10,20305.229900290902,4933.19870769346,-15372.031192597442,0.46252243850072894,0.333513498779927,0.12900893972080196,-59.1913826651511,-0.0013195961598780836,-0.0013195961598780836,0.0,-66.434149455582,8.514241616434381e-05,1.0834374591557272
sine_high,B_oscillatory,100,10,6802.08295175786,4933.19870769346,-1868.8842440644003,0.43621392515325075,0.333513498779927,0.10270042637332377,675.1573474266521,-0.0013154256673739094,-0.0013154256673739094,0.0,36.71743650459016,2.0852462520870586e-07,0.12157692244108771
sine_high,B_oscillatory,120,10,6119.122755678284,4933.19870769346,-1185.924047984824,0.42233780581048963,0.333513498779927,0.08882430703056265,34.14800980397881,-0.0006938059671380559,-0.0006938059671380559,0.0,-32.050466881133666,3.108098501179268e-05,0.6345626015904055
sine_high,B_oscillatory,140,10,8973.289171922259,4933.19870769346,-4040.0904642287987,0.3921775914290132,0.333513498779927,0.05866409264908623,-142.70832081219874,-0.0015080107190738213,-0.0015080107190738213,0.0,-8.842816530808879,-4.071023759678827e-05,3.4067025380705482
sine_high,B_oscillatory,160,10,14073.570462542633,4933.19870769346,-9140.371754849173,0.40963434202178595,0.333513498779927,0.07612084324185897,-255.01406453101873,0.000872837529638637,0.000872837529638637,0.0,-5.615287185941,0.00011904241243562292,2.262417595788651
sine_high,B_oscillatory,180,10,10412.012427430345,4933.19870769346,-5478.813719736885,0.4012010134222195,0.333513498779927,0.0676875146422925,183.0779017556144,-0.00042166642997832347,-0.00042166642997832347,0.0,21.904598314331658,-6.472519798084801e-05,0.59940819330792
sine_high,B_oscillatory,200,10,8811.732136504752,4933.19870769346,-3878.5334288112917,0.3908211401084881,0.333513498779927,0.05730764132856114,80.01401454627967,-0.0005189936656865679,-0.0005189936656865679,0.0,-5.1531943604667365,-4.86636178541222e-06,0.7079148201077284
sine_high,B_oscillatory,220,10,5159.817522210095,4933.19870769346,-226.6188145166352,0.40805145218315586,0.333513498779927,0.07453795340322888,182.59573071473284,0.000861515603733387,0.000861515603733387,0.0,5.1290858084226585,6.902546347099774e-05,0.058428996082184145
sine_high,B_oscillatory,240,10,7223.322872842676,4933.19870769346,-2290.1241651492155,0.4074681307403487,0.333513498779927,0.07395463196042174,-103.17526753162902,-2.916607214035749e-05,-2.916607214035749e-05,0.0,-14.288549912318093,-4.4534083793687223e-05,10.10562238635798
sine_high,B_oscillatory,260,10,4557.9849322431155,4933.19870769346,375.21377545034466,0.380746602457707,0.333513498779927,0.04723310367778,133.266897029978,-0.001336076414132087,-0.001336076414132087,0.0,11.82210822808035,-6.534551709958648e-05,-0.16383992674296644
sine_high,B_oscillatory,280,10,4639.601993767376,4933.19870769346,293.5967139260838,0.39337455148901135,0.333513498779927,0.05986105270908437,-4.080853076213043,0.0006313974515652187,0.0006313974515652187,0.0,-6.867387505309551,9.837369328486527e-05,0.7824785046169981
sine_high,B_oscillatory,300,10,5503.868307008885,4933.19870769346,-570.6695993154244,0.3746316030546709,0.333513498779927,0.04111810427474394,-43.21331566207541,-0.0009371474217170217,-0.0009371474217170217,0.0,-1.9566231292931182,-7.842724366411203e-05,-1.9437193001386819
sine_high,B_oscillatory,320,10,4453.15832764494,4933.19870769346,480.0403800485201,0.37155585034004435,0.333513498779927,0.03804235156011737,52.535498968197224,-0.00015378763573132838,-0.00015378763573132838,0.0,4.787440731513632,3.916798929928467e-05,-0.841187931903814
sine_high,B_oscillatory,340,10,3853.067967389596,4933.19870769346,1080.130740303864,0.38496489844567416,0.333513498779927,0.05145139966574719,30.0045180127672,0.0006704524052814909,0.0006704524052814909,0.0,-1.1265490477715012,4.121200205064096e-05,2.250083087165896
sine_high,B_oscillatory,360,10,3246.329902801272,4933.19870769346,1686.868804892188,0.37112877276270984,0.333513498779927,0.03761527398278286,30.3369032294162,-0.0006918062841482165,-0.0006918062841482165,0.0,0.016619260832450067,-6.811293447148535e-05,1.5617265039763941
sine_high,B_oscillatory,380,10,3284.7253065941827,4933.19870769346,1648.4734010992775,0.3754037949720559,0.333513498779927,0.04189029619212892,-1.9197701896455328,0.00021375111046730287,0.00021375111046730287,0.0,-1.6128336709530866,4.5277869730775965e-05,0.9772386544338494
sine_high,B_oscillatory,400,10,3134.002093183908,4933.19870769346,1799.196614509552,0.36916992641733504,0.333513498779927,0.03565642763740806,7.536160670513732,-0.0003116934277360428,-0.0003116934277360428,0.0,0.47279654300796325,-2.6272226910167287e-05,1.0914319959968815
sine_high,B_oscillatory,420,10,3026.803435155225,4933.19870769346,1906.395272538235,0.35957755039911776,0.333513498779927,0.026064051619190787,5.359932901434149,-0.00047961880091086374,-0.00047961880091086374,0.0,-0.10881138845397915,-8.396268658741047e-06,1.05958140270173
sine_high,B_oscillatory,440,10,2808.99289202505,4933.19870769346,2124.20581566841,0.36483702781640337,0.333513498779927,0.031323529036476394,10.890527156508757,0.0002629738708642804,0.0002629738708642804,0.0,0.2765297127537304,3.712963358875721e-05,1.1142525615058703
sine_high,B_oscillatory,460,10,2884.6537731526273,4933.19870769346,2048.544934540833,0.360578485948301,0.333513498779927,0.027064987168374022,-3.783044056378867,-0.00021292709340511862,-0.00021292709340511862,0.0,-0.7336785606443812,-2.379504821346995e-05,0.9643815676571954
sine_high,B_oscillatory,480,10,2652.678939232505,4933.19870769346,2280.519768460955,0.3513806538990808,0.333513498779927,0.01786715511915382,11.598741696006119,-0.00045989160246101004,-0.00045989160246101004,0.0,0.7690892876192492,-1.234822545279457e-05,1.1132388311375352
sine_high,B_oscillatory,500,10,2590.447179843966,4933.19870769346,2342.7515278494943,0.34657985370822764,0.333513498779927,0.01306635492830066,3.1115879694269553,-0.00024004000954265802,-0.00024004000954265802,0.0,-0.4243576863289582,1.0992579645917601e-05,1.0272884104094118
step,C_discontinuous,20,10,35474.05281524818,3331.399758524887,-32142.65305672329,0.973580055775624,0.8932170469855263,0.08036300879009772,,,,,,,
step,C_discontinuous,40,10,12576.760458626957,3331.399758524887,-9245.36070010207,0.9340419594165362,0.8932170469855263,0.04082491243100994,1144.864617831061,-0.001976904817954389,-0.001976904817954389,0.0,,,0.2876352702991396
step,C_discontinuous,60,10,4579.475558661945,3331.399758524887,-1248.0758001370577,0.913139315076944,0.8932170469855263,0.019922268091417727,399.8642449982506,-0.0010451322169796108,-0.0010451322169796108,0.0,-37.25001864164052,4.658863004873891e-05,0.13499481963135077
step,C_discontinuous,80,10,8407.689339099272,3331.399758524887,-5076.289580574385,0.9351955466226909,0.8932170469855263,0.0419784996371646,-191.41068902186635,0.0011028115772873438,0.0011028115772873438,0.0,-29.563746701005847,0.00010739718971334772,4.067292691691427
step,C_discontinuous,100,10,1677.2592245530418,3331.399758524887,1654.1405339718453,0.9127352611223779,0.8932170469855263,0.01951821413685162,336.52150572731153,-0.001123014275015649,-0.001123014275015649,0.0,26.396609737458892,-0.00011129129261514964,-0.3258562199252389
step,C_discontinuous,120,10,2601.9240815599896,3331.399758524887,729.4756769648975,0.908792015188805,0.8932170469855263,0.01557496820327875,-46.233242850347395,-0.00019716229667864348,-0.00019716229667864348,0.0,-19.137737428882946,4.6292598916850274e-05,0.440999819533661
step,C_discontinuous,140,10,2051.430520868552,3331.399758524887,1279.9692376563353,0.906770239411502,0.8932170469855263,0.013553192425975746,27.524678034571888,-0.00010108878886515016,-0.00010108878886515016,0.0,3.6878960442459645,4.803675390674666e-06,1.7546427908081268
step,C_discontinuous,160,10,2593.553312945295,3331.399758524887,737.846445579592,0.900880071291674,0.8932170469855263,0.0076630243061477366,-27.106139603837164,-0.0002945084059914005,-0.0002945084059914005,0.0,-2.731540881920453,-9.670980856312516e-06,0.5764563896321544
step,C_discontinuous,180,10,3825.2038183823347,3331.399758524887,-493.80405985744756,0.9078748816301526,0.8932170469855263,0.014657834644626333,-61.58252527185198,0.00034974051692392984,0.00034974051692392984,0.0,-1.7238192834007406,3.221244614576652e-05,-0.6692504420341219
step,C_discontinuous,200,10,2439.5170482921035,3331.399758524887,891.8827102327837,0.9065769418913423,0.8932170469855263,0.013359894905816017,69.28433850451157,-6.489698694051583e-05,-6.489698694051583e-05,0.0,6.543343188818177,-2.073187519322228e-05,-1.806146977589156
step,C_discontinuous,220,10,1201.9458633567651,3331.399758524887,2129.453895168122,0.9140975390200031,0.8932170469855263,0.02088049203447684,61.87855924676692,0.0003760298564330411,0.0003760298564330411,0.0,-0.3702889628872324,2.2046342168677844e-05,2.387594098121186
step,C_discontinuous,240,10,4874.053989320535,3331.399758524887,-1542.654230795648,0.9095676501034362,0.8932170469855263,0.016350603117909923,-183.60540629818848,-0.00022649444582834577,-0.00022649444582834577,0.0,-12.27419827724777,-3.012621511306934e-05,-0.7244365488710682
step,C_discontinuous,260,10,2099.223690012328,3331.399758524887,1232.1760685125591,0.9098330969575537,0.8932170469855263,0.01661604997202737,138.74151496541035,1.3272342705872298e-05,1.3272342705872298e-05,0.0,16.11734606317994,1.1988339426710904e-05,-0.7987376846443711
step,C_discontinuous,280,10,2609.865005188419,3331.399758524887,721.5347533364679,0.9057389164220693,0.8932170469855263,0.012521869436542987,-25.53206575880456,-0.0002047090267742191,-0.0002047090267742191,0.0,-8.213679036210745,-1.089906847400457e-05,0.5855776392471898
step,C_discontinuous,300,10,3802.968512022131,3331.399758524887,-471.56875349724396,0.9158156647439479,0.8932170469855263,0.022598617758421646,-59.65517534168559,0.000503837416093933,0.000503837416093933,0.0,-1.7061554791440514,3.54273221434076e-05,-0.6535634649843967
step,C_discontinuous,320,10,3426.537671658237,3331.399758524887,-95.13791313334968,0.9096595225554145,0.8932170469855263,0.016442475569888204,18.821542018194712,-0.0003078071094266721,-0.0003078071094266721,0.0,3.923835867994015,-4.058222627603026e-05,0.20174770365463943
step,C_discontinuous,340,10,2962.869398793477,3331.399758524887,368.53035973141004,0.9155104140376884,0.8932170469855263,0.022293367052162116,23.183413643237987,0.0002925445741136956,0.0002925445741136956,0.0,0.21809358125216374,3.0017584177018385e-05,-3.873643509658036
step,C_discontinuous,360,10,2306.6510166114026,3331.399758524887,1024.7487419134845,0.9136494257924873,0.8932170469855263,0.020432378806961027,32.81091910910372,-9.304941226005447e-05,-9.304941226005447e-05,0.0,0.4813752732932867,-1.9279699318687505e-05,2.780635882102998
step,C_discontinuous,380,10,2915.6622203109796,3331.399758524887,415.73753821390756,0.904106994768841,0.8932170469855263,0.010889947783314757,-30.450560184978848,-0.0004771215511823135,-0.0004771215511823135,0.0,-3.1630739647041284,-1.920360694611295e-05,0.40569704670982326
step,C_discontinuous,400,10,3155.7994286402063,3331.399758524887,175.60032988468083,0.9100372791536341,0.8932170469855263,0.016820232168107796,-12.006860416461336,0.00029651421923965193,0.00029651421923965193,0.0,0.9221849884258756,3.8681788521098274e-05,0.42238266633101096
step,C_discontinuous,420,10,2947.802674973351,3331.399758524887,383.59708355153634,0.9057743544463206,0.8932170469855263,0.01255730746079431,10.399837683342776,-0.00021314623536567435,-0.00021314623536567435,0.0,1.1203349049902056,-2.548302273026631e-05,2.1844895382796254
step,C_discontinuous,440,10,2514.9002219027716,3331.399758524887,816.4995366221156,0.9076032884351485,0.8932170469855263,0.014386241449622195,21.64512265352896,9.144669944139428e-05,9.144669944139428e-05,0.0,0.5622642485093092,1.5229646740353432e-05,2.1285342658566346
step,C_discontinuous,460,10,2014.2859133165541,3331.399758524887,1317.113845208333,0.9082647766575506,0.8932170469855263,0.01504772967202428,25.030715429310874,3.307441112010423e-05,3.307441112010423e-05,0.0,0.16927963878909563,-2.9186144160645025e-06,1.6131225874998958
step,C_discontinuous,480,10,1683.9483203539558,3331.399758524887,1647.4514381709314,0.9077855736351208,0.8932170469855263,0.014568526649594515,16.51687964812992,-2.3960151121488195e-05,-2.3960151121488195e-05,0.0,-0.42569178905904775,-2.851728112079621e-06,1.2508041306864766
step,C_discontinuous,500,10,1213.732034591562,3331.399758524887,2117.667723933325,0.9090158863157671,0.8932170469855263,0.015798839330240844,23.510814288119672,6.151563403231642e-05,6.151563403231642e-05,0.0,0.34969673199948764,4.27378925769023e-06,1.2854204226404675
abs,C_discontinuous,20,10,2616.0364518721453,546.3986593846263,-2069.637792487519,0.8689627352936758,0.6671741242104483,0.20178861108322754,,,,,,,
abs,C_discontinuous,40,10,5378.3456059799555,546.3986593846263,-4831.946946595329,0.7556960933407634,0.6671741242104483,0.08852196913031507,-138.1154577053905,-0.0056633320976456234,-0.0056633320976456234,0.0,,,2.3346824087454268
abs,C_discontinuous,60,10,6739.321956299042,546.3986593846263,-6192.923296914415,0.7961316263294134,0.6671741242104483,0.12895750211896506,-68.04881751595431,0.0020217766494324994,0.0020217766494324994,0.0,3.5033320094718094,0.00038425543735390614,1.2816621054331014
abs,C_discontinuous,80,10,8899.702703856392,546.3986593846263,-8353.304044471766,0.6938000428154547,0.6671741242104483,0.026625918605006405,-108.01903737786756,-0.005116579175697933,-0.005116579175697933,0.0,-1.9985109930956626,-0.0003569177912565216,1.3488466825729535
abs,C_discontinuous,100,10,8288.211439459292,546.3986593846263,-7741.812780074665,0.7838206342126515,0.6671741242104483,0.11664651000220316,30.574563219855055,0.004501029569859838,0.004501029569859838,0.0,6.929680029886131,0.0004808804372778886,0.926796479435968
abs,C_discontinuous,120,10,3588.6800771597636,546.3986593846263,-3042.2814177751375,0.7146873133604503,0.6671741242104483,0.04751318915000202,234.97656811497637,-0.003456666042610057,-0.003456666042610057,0.0,10.220100244756065,-0.00039788478062349476,0.39296757803355153
abs,C_discontinuous,140,10,4781.959573533782,546.3986593846263,-4235.560914149155,0.6654872576918429,0.6671741242104483,-0.00168686651860539,-59.66397481870088,-0.0024600027834303707,-0.0024600027834303707,0.0,-14.732027146683862,4.983316295898432e-05,1.3922317933515431
abs,C_discontinuous,160,10,1334.3513896605145,546.3986593846263,-787.9527302758883,0.6758730360959309,0.6671741242104483,0.008698911885482552,172.38040919366333,0.0005192889202043971,0.0005192889202043971,0.0,11.602219200618212,0.0001489645851817384,0.1860326757770578
abs,C_discontinuous,180,10,795.6375959898261,546.3986593846263,-249.2389366051998,0.6879761706273965,0.6671741242104483,0.02080204641694816,26.935689683534424,0.0006051567265732804,0.0006051567265732804,0.0,-7.272235975506445,4.293390318444167e-06,0.31631204135549223
abs,C_discontinuous,200,10,2512.831741298596,546.3986593846263,-1966.43308191397,0.7057224495980607,0.6671741242104483,0.03854832538761244,-85.85970726543852,0.0008873139485332138,0.0008873139485332138,0.0,-5.639769847448647,1.410786109799667e-05,7.889750729553325
abs,C_discontinuous,220,10,4951.630775949703,546.3986593846263,-4405.2321165650765,0.7247282909851648,0.6671741242104483,0.057554166774716475,-121.93995173255533,0.000950292069355202,0.000950292069355202,0.0,-1.8040122233558407,3.1489060410994076e-06,2.240214608410357
abs,C_discontinuous,240,10,4022.5920776409216,546.3986593846263,-3476.1934182562954,0.7057044804998812,0.6671741242104483,0.03853035628943291,46.451934915439054,-0.0009511905242641783,-0.0009511905242641783,0.0,8.41959433239972,-9.507412968096901e-05,0.7891056194711512
abs,C_discontinuous,260,10,2214.686346393103,546.3986593846263,-1668.287687008477,0.6599847797393347,0.6671741242104483,-0.0071893444711136345,90.39528656239092,-0.0022859850380273273,-0.0022859850380273273,0.0,2.1971675823475936,-6.673972568815745e-05,0.47991796953729693
abs,C_discontinuous,280,10,2716.5452726483127,546.3986593846263,-2170.1466132636865,0.6932879449398625,0.6671741242104483,0.02611382072941415,-25.09294631276048,0.0016651582600263892,0.0016651582600263892,0.0,-5.77441164375757,0.0001975571649026858,1.300822771853653
abs,C_discontinuous,300,10,986.4126119825177,546.3986593846263,-440.0139525978914,0.6723775899604206,0.6671741242104483,0.005203465749972325,86.50663303328976,-0.0010455177489720913,-0.0010455177489720913,0.0,5.5799789673025115,-0.00013553380044992403,0.20275770766296466
abs,C_discontinuous,320,10,230.07417629683505,546.3986593846263,316.32448308779124,0.6692196313409791,0.6671741242104483,0.002045507130530755,37.81692178428413,-0.0001578979309720785,-0.0001578979309720785,0.0,-2.4344855624502815,4.438099090000064e-05,-0.7188964832141714
abs,C_discontinuous,340,10,865.5997863969169,546.3986593846263,-319.2011270122906,0.7062335820226056,0.6671741242104483,0.03905945781215725,-31.77628050500409,0.0018506975340813248,0.0018506975340813248,0.0,-3.4796601144644113,0.00010042977325267017,-1.0090939654636248
abs,C_discontinuous,360,10,1837.637121569972,546.3986593846263,-1291.2384621853457,0.7118751809884876,0.6671741242104483,0.04470105677803926,-48.601866758652754,0.00028207994829410055,0.00028207994829410055,0.0,-0.8412793126824332,-7.843087928936122e-05,4.045218994905452
abs,C_discontinuous,380,10,159.1591653525805,546.3986593846263,387.2394940320458,0.6833598425718512,0.6671741242104483,0.016185718361402923,83.92389781086958,-0.0014257669208318168,-0.0014257669208318168,0.0,6.626288228476116,-8.539234345629587e-05,-0.2998977380031459
abs,C_discontinuous,400,10,374.5090496723677,546.3986593846263,171.88960971225856,0.6498411377095248,0.6671741242104483,-0.01733298650092352,-10.767494215989363,-0.0016759352431163221,-0.0016759352431163221,0.0,-4.734569601342947,-1.2508416114225267e-05,0.4438845013521114
abs,C_discontinuous,420,10,184.9046434954174,546.3986593846263,361.49401588920887,0.6399826762654383,0.6671741242104483,-0.02719144794501005,9.480220308847516,-0.0004929230722043265,-0.0004929230722043265,0.0,1.012385726241844,5.9150608545599784e-05,2.103059146473985
abs,C_discontinuous,440,10,624.1800216287537,546.3986593846263,-77.78136224412742,0.6966600998301193,0.6671741242104483,0.029485975619671034,-21.963768906666814,0.002833871178234054,0.002833871178234054,0.0,-1.5721994607757164,0.00016633971252191904,-0.2151663895536405
abs,C_discontinuous,460,10,1152.919526141645,546.3986593846263,-606.5208667570188,0.6850963664583263,0.6671741242104483,0.017922242247877973,-26.436975225644566,-0.0005781866685896531,-0.0005781866685896531,0.0,-0.2236603159488876,-0.00017060289234118535,7.797766061918153
abs,C_discontinuous,480,10,2225.9897797051544,546.3986593846263,-1679.5911203205283,0.689259679165953,0.6671741242104483,0.022085554955504683,-53.65351267817548,0.00020816563538133547,0.00020816563538133547,0.0,-1.3608268726265458,3.931761519854943e-05,2.7692223176113697
abs,C_discontinuous,500,10,3028.18580474402,546.3986593846263,-2481.787145359394,0.6651262955881524,0.6671741242104483,-0.002047828622295911,-40.10980125194328,-0.0012066691788900296,-0.0012066691788900296,0.0,0.67718557131161,-7.074174071356825e-05,1.477613875980588
exp,D_exponential,20,10,1958.993199412631,248.39641715370172,-1710.5967822589291,0.9840209872179099,0.9635890267883113,0.020431960429598606,,,,,,,
exp,D_exponential,40,10,271.06448987565113,248.39641715370172,-22.668072721949414,0.974668841297122,0.9635890267883113,0.011079814508810681,84.39643547684899,-0.0004676072960393962,-0.0004676072960393962,0.0,,,0.013251558144529586
exp,D_exponential,60,10,394.97131976697415,248.39641715370172,-146.57490261327243,0.9750533341749158,0.9635890267883113,0.011464307386604533,-6.195341494566151,1.9224643889692582e-05,1.9224643889692582e-05,0.0,-4.529588848570757,2.4341596996454438e-05,6.466138714622372
exp,D_exponential,80,10,2147.881469008768,248.39641715370172,-1899.485051855066,0.9719064866881718,0.9635890267883113,0.008317459899860546,-87.64550746208968,-0.00015734237433719933,-0.00015734237433719933,0.0,-4.072508298376176,-8.828350911344595e-06,12.959142513413253
exp,D_exponential,100,10,1034.4453521753742,248.39641715370172,-786.0489350216725,0.9697351618017053,0.9635890267883113,0.006146135013394005,55.67180584166967,-0.00010856624432332706,-0.00010856624432332706,0.0,7.165865665187968,2.438806500693613e-06,0.4138221220819849
exp,D_exponential,120,10,207.9391131298546,248.39641715370172,40.457304023847115,0.9654542895317366,0.9635890267883113,0.0018652627434253555,41.32531195227598,-0.00021404361349843247,-0.00021404361349843247,0.0,-0.7173246944696846,-5.273868458755271e-06,-0.05146919259261085
exp,D_exponential,140,10,447.0508337095672,248.39641715370172,-198.65441655586548,0.9644525975489019,0.9635890267883113,0.0008635707605906262,-11.95558602898563,-5.0084599141736465e-05,-5.0084599141736465e-05,0.0,-2.6640448990630805,8.1979507178348e-06,-4.910223786507643
exp,D_exponential,160,10,214.12890370640469,248.39641715370172,34.267513447297034,0.9624083159546075,0.9635890267883113,-0.0011807108337037464,11.646096500158126,-0.00010221407971471863,-0.00010221407971471863,0.0,1.180084126457188,-2.606474028649108e-06,-0.1724981203106569
exp,D_exponential,180,10,548.0974661983498,248.39641715370172,-299.70104904464813,0.9647288816418502,0.9635890267883113,0.0011398548535389574,-16.698428124597257,0.00011602828436213519,0.00011602828436213519,0.0,-1.4172262312377693,1.0912118203842691e-05,-8.745923438698995
exp,D_exponential,200,10,105.13681328289337,248.39641715370172,143.25960387080835,0.9652115264944602,0.9635890267883113,0.0016224997061489166,22.148032645772822,2.4132242630497957e-05,2.4132242630497957e-05,0.0,1.942323038518504,-4.5948020865818614e-06,-0.4780083497454364
exp,D_exponential,220,10,562.2066331244667,248.39641715370172,-313.81021597076506,0.9660281052396785,0.9635890267883113,0.0024390784513672603,-22.85349099207867,4.082893726091719e-05,4.082893726091719e-05,0.0,-2.2500761818925747,8.348347315209616e-07,-2.190500374786457
exp,D_exponential,240,10,1070.2469218207923,248.39641715370172,-821.8505046670906,0.9657417006254134,0.9635890267883113,0.002152673837102159,-25.402014434816277,-1.4320230713255055e-05,-1.4320230713255055e-05,0.0,-0.1274261721368804,-2.7574583987086124e-06,2.618941203442705
exp,D_exponential,260,10,80.45421410511497,248.39641715370172,167.94220304858675,0.9632662923570405,0.9635890267883113,-0.00032273443127073254,49.48963538578387,-0.00012377041341864458,-0.00012377041341864458,0.0,3.7445824910300076,-5.472509135269476e-06,-0.20434641348381916
exp,D_exponential,280,10,175.16956886056346,248.39641715370172,73.22684829313826,0.9635082765273371,0.9635890267883113,-8.075026097420501e-05,-4.7357677377724245,1.2099208514826376e-05,1.2099208514826376e-05,0.0,-2.711270156177815,6.793481096673547e-06,0.43602410212490345
exp,D_exponential,300,10,478.0621281190462,248.39641715370172,-229.66571096534446,0.9646715764830386,0.9635890267883113,0.0010825496947273194,-15.144627962924137,5.816499778507622e-05,5.816499778507622e-05,0.0,-0.5204430112575856,2.3032894635124922e-06,-3.1363593588782837
exp,D_exponential,320,10,268.1800877428285,248.39641715370172,-19.783670589126785,0.9665060085661923,0.9635890267883113,0.0029169817778810225,10.494102018810883,9.172160415768515e-05,9.172160415768515e-05,0.0,1.281936499086751,1.6778303186304465e-06,0.08614115927872251
exp,D_exponential,340,10,151.46218261590866,248.39641715370172,96.93423453779306,0.9634421271101811,0.9635890267883113,-0.00014689967813019678,5.835895256345992,-0.00015319407280056096,-0.00015319407280056096,0.0,-0.23291033812324455,-1.2245783847912307e-05,-4.899709288076635
exp,D_exponential,360,10,54.227962944775086,248.39641715370172,194.16845420892662,0.9637097869068201,0.9635890267883113,0.00012076011850881141,4.861710983556678,1.338298983195041e-05,1.338298983195041e-05,0.0,-0.0487092136394657,8.328853131625568e-06,2.0030947284493545
exp,D_exponential,380,10,264.7171905129421,248.39641715370172,-16.320773359240405,0.9618150993893253,0.9635890267883113,-0.0017739273989859639,-10.52446137840835,-9.473437587473877e-05,-9.473437587473877e-05,0.0,-0.7693086180982515,-5.405868285334459e-06,-0.08405471128527983
exp,D_exponential,400,10,335.0893087516114,248.39641715370172,-86.69289159790966,0.9611089624267677,0.9635890267883113,-0.002480064361543577,-3.518605911933463,-3.5306848127880654e-05,-3.5306848127880654e-05,0.0,0.35029277332374437,2.9713763873429057e-06,5.311812724170106
exp,D_exponential,420,10,238.26849620979675,248.39641715370172,10.127920943904968,0.9620862692633868,0.9635890267883113,-0.0015027575249244585,4.841040627090732,4.886534183095592e-05,4.886534183095592e-05,0.0,0.4179823269512097,4.2086094979418285e-06,-0.11682527548947476
exp,D_exponential,440,10,153.97762636407313,248.39641715370172,94.41879078962859,0.9599615410628298,0.9635890267883113,-0.0036274857254814385,4.214543492286181,-0.000106236410027849,-0.000106236410027849,0.0,-0.03132485674022756,-7.755087592940245e-06,9.32262320298326
exp,D_exponential,460,10,59.3674355710556,248.39641715370172,189.0289815826461,0.9628553566669477,0.9635890267883113,-0.0007336701213636054,4.7305095396508765,0.00014469078020589165,0.00014469078020589165,0.0,0.025798302368234792,1.254635951168703e-05,2.002027138896699
exp,D_exponential,480,10,173.4401164322772,248.39641715370172,74.95630072142453,0.9636247312921932,0.9635890267883113,3.5704503881905936e-05,-5.703634043061079,3.846873126227557e-05,3.846873126227557e-05,0.0,-0.5217071791355978,-5.311102447180803e-06,0.39653337860603444
exp,D_exponential,500,10,314.2086231042363,248.39641715370172,-65.8122059505346,0.9637211562852337,0.9635890267883113,0.00013212949692242848,-7.0384253335979565,4.821249652026127e-06,4.821249652026127e-06,0.0,-0.06673956452684386,-1.682374080512472e-06,-0.8780076566895424
sigmoid,D_exponential,20,10,5992.016669203048,752.1806393831139,-5239.836029819934,0.9732237740331044,0.9399301461405276,0.03329362789257684,,,,,,,
sigmoid,D_exponential,40,10,757.2186068376184,752.1806393831139,-5.037967454504496,0.959719693657199,0.9399301461405276,0.01978954751667139,261.73990311827146,-0.0006752040187952724,-0.0006752040187952724,0.0,,,0.0009614742571777814
sigmoid,D_exponential,60,10,1043.1266722980054,752.1806393831139,-290.9460329148915,0.958571841035587,0.9399301461405276,0.018641694895059402,-14.29540327301935,-5.739263108059944e-05,-5.739263108059944e-05,0.0,-13.801765319564542,3.089056938573365e-05,57.75067734007566
sigmoid,D_exponential,80,10,6094.430613007905,752.1806393831139,-5342.249973624791,0.9557899280705764,0.9399301461405276,0.015859781930048777,-252.56519703549498,-0.0001390956482505312,-0.0001390956482505312,0.0,-11.91348968812378,-4.085150858496588e-06,18.36165257213706
sigmoid,D_exponential,100,10,2874.4487108158455,752.1806393831139,-2122.2680714327316,0.9526544124392959,0.9399301461405276,0.012724266298768327,160.99909510960296,-0.0001567757815640225,-0.0001567757815640225,0.0,20.678214607254898,-8.840066656745638e-07,0.3972610944659228
sigmoid,D_exponential,120,10,512.8863887631023,752.1806393831139,239.29425062001155,0.9463166491048817,0.9399301461405276,0.006386502964354057,118.07811610263715,-0.0003168881667207135,-0.0003168881667207135,0.0,-2.1460489503482902,-8.005619257834551e-06,-0.11275401719560588
sigmoid,D_exponential,140,10,1177.6885970746118,752.1806393831139,-425.50795769149795,0.9449841004959537,0.9399301461405276,0.005053954355426105,-33.24011041557547,-6.662743044639763e-05,-6.662743044639763e-05,0.0,-7.565911325910631,1.2513036813715793e-05,-1.7781787760842835
sigmoid,D_exponential,160,10,630.9787320932909,752.1806393831139,121.201907289823,0.9417147844481358,0.9399301461405276,0.0017846383076082217,27.335493249066047,-0.00016346580239089413,-0.00016346580239089413,0.0,3.028780183232076,-4.841918597224825e-06,-0.2848405184884859
sigmoid,D_exponential,180,10,1559.174589944239,752.1806393831139,-806.9939505611251,0.9464147620106983,0.9399301461405276,0.006484615870170685,-46.4097928925474,0.00023499887812812316,0.00023499887812812316,0.0,-3.6872643070806723,1.9923234025950866e-05,-6.658261149565971
sigmoid,D_exponential,200,10,213.28912128983993,752.1806393831139,538.8915180932739,0.9467575578275289,0.9399301461405276,0.006827411687001295,67.29427343271996,1.71397908415305e-05,1.71397908415305e-05,0.0,5.685203316263368,-1.0892954364329633e-05,-0.6677764036751054
sigmoid,D_exponential,220,10,1494.5675609358616,752.1806393831139,-742.3869215527477,0.9484307282387906,0.9399301461405276,0.008500582098262988,-64.06392198230108,8.365852056308465e-05,8.365852056308465e-05,0.0,-6.5679097707510525,3.325936486077708e-06,-1.3776184939400955
sigmoid,D_exponential,240,10,3004.829857096229,752.1806393831139,-2252.649217713115,0.9477446983971176,0.9399301461405276,0.007814552256590002,-75.51311480801836,-3.4301492083649296e-05,-3.4301492083649296e-05,0.0,-0.5724596412858638,-5.898000632336697e-06,3.034333111636128
sigmoid,D_exponential,260,10,149.98580595511442,752.1806393831139,602.1948334279995,0.9425801661568594,0.9399301461405276,0.0026500200163317444,142.74220255705572,-0.00025822661201291286,-0.00025822661201291286,0.0,10.912765868253704,-1.1196255996463178e-05,-0.2673273888774154
sigmoid,D_exponential,280,10,407.2386765809099,752.1806393831139,344.941962802204,0.9437022746597588,0.9399301461405276,0.003772128519231144,-12.862643531289773,5.610542514496997e-05,5.610542514496997e-05,0.0,-7.780242304417274,1.5716601857894143e-05,0.5728079080961535
sigmoid,D_exponential,300,10,1341.0135589515467,752.1806393831139,-588.8329195684328,0.945478811867751,0.9399301461405276,0.005548665727223345,-46.68874411853184,8.882686039961007e-05,8.882686039961007e-05,0.0,-1.6913050293621033,1.6360717627320052e-06,-1.7070492519522198
sigmoid,D_exponential,320,10,757.9608903329616,752.1806393831139,-5.780250949847755,0.9482478287793473,0.9399301461405276,0.008317682638819712,29.15263343092925,0.00013845084557981835,0.00013845084557981835,0.0,3.792068877473054,2.4811992590104143e-06,0.009816453458621529
sigmoid,D_exponential,340,10,443.4001385321489,752.1806393831139,308.780500850965,0.9433273453654847,0.9399301461405276,0.0033971992249570704,15.728037590040637,-0.0002460241706931321,-0.0002460241706931321,0.0,-0.6712297920444306,-1.9223750813647523e-05,-53.41991265259823
sigmoid,D_exponential,360,10,83.50845087527378,752.1806393831139,668.6721885078401,0.9438540197353069,0.9399301461405276,0.0039238735947793035,17.994584382843758,2.633371849111166e-05,2.633371849111166e-05,0.0,0.11332733964015604,1.361789445921219e-05,2.165525953436352
sigmoid,D_exponential,380,10,757.1314346814215,752.1806393831139,-4.950795298307639,0.9405449838818541,0.9399301461405276,0.0006148377413265349,-33.68114919030739,-0.00016545179267263844,-0.00016545179267263844,0.0,-2.5837866786575576,-9.589275558187504e-06,-0.007403919862968238
sigmoid,D_exponential,400,10,948.6508375185857,752.1806393831139,-196.47019813547183,0.9400632086404979,0.9399301461405276,0.000133062499970249,-9.57597014185821,-2.4088762067814296e-05,-2.4088762067814296e-05,0.0,1.2052589524224588,7.068151530241207e-06,39.68457314375984
sigmoid,D_exponential,420,10,681.2291602898626,752.1806393831139,70.95147909325124,0.9407516734430181,0.9399301461405276,0.0008215273024905212,13.371083861436153,3.442324012601361e-05,3.442324012601361e-05,0.0,1.1473527001647181,2.9256001096913956e-06,-0.3611309998492909
sigmoid,D_exponential,440,10,443.8182537678902,752.1806393831139,308.3623856152237,0.9380738515837309,0.9399301461405276,-0.0018562945567967004,11.870545326098622,-0.00013389109296436109,-0.00013389109296436109,0.0,-0.07502692676687657,-8.415716654518735e-06,4.346102287874003
sigmoid,D_exponential,460,10,181.4549707727104,752.1806393831139,570.7256686104035,0.9416934331999801,0.9399301461405276,0.0017632870594525007,13.118164149758993,0.00018097908081246005,0.00018097908081246005,0.0,0.062380941183018554,1.5743508688841058e-05,1.8508277767787096
sigmoid,D_exponential,480,10,410.798756000366,752.1806393831139,341.3818833827479,0.9415221491360641,0.9399301461405276,0.0015920029955365234,-11.467189261382781,-8.564203195798869e-06,-8.564203195798869e-06,0.0,-1.2292676705570886,-9.477164200412945e-06,0.5981540732414238
sigmoid,D_exponential,500,10,799.2044897285651,752.1806393831139,-47.02385034545125,0.9423555878013433,0.9399301461405276,0.002425441660815708,-19.42028668640996,4.167193326395924e-05,4.167193326395924e-05,0.0,-0.3976548712513589,2.5118068229879053e-06,-0.13774559411147608
noisy,E_noisy,20,10,22344.50365045653,2387.2954460424985,-19957.20820441403,0.9333294648196507,0.7870568005207068,0.14627266429894392,,,,,,,
noisy,E_noisy,40,10,16570.673582576976,2387.2954460424985,-14183.378136534477,0.9044076913505869,0.7870568005207068,0.11735089082988004,288.69150339397765,-0.0014460886734531941,-0.0014460886734531941,0.0,,,0.710689490797489
noisy,E_noisy,60,10,4153.826680978411,2387.2954460424985,-1766.5312349359124,0.8352464204890537,0.7870568005207068,0.04818961996834692,620.8423450799282,-0.003458063543076656,-0.003458063543076656,0.0,16.607542084297528,-0.0001005987434811731,0.12454939986303865
noisy,E_noisy,80,10,9215.367781383278,2387.2954460424985,-6828.072335340779,0.8785942255508934,0.7870568005207068,0.09153742503018658,-253.07705502024336,0.002167390253091983,0.002167390253091983,0.0,-43.69597000500858,0.00028127268980843195,3.8652429123838807
noisy,E_noisy,100,10,1930.9793804770798,2387.2954460424985,456.31606556541874,0.8295345538474461,0.7870568005207068,0.04247775332673931,364.2194200453099,-0.0024529835851723634,-0.0024529835851723634,0.0,30.864823753277665,-0.00023101869191321733,-0.06682941292282672
noisy,E_noisy,120,10,6992.127860657558,2387.2954460424985,-4604.832414615059,0.810246719286988,0.7870568005207068,0.02318991876628118,-253.05742400902392,-0.0009643917280229064,-0.0009643917280229064,0.0,-30.863842202716693,7.442959285747285e-05,-10.091322138547184
noisy,E_noisy,140,10,3754.241547582045,2387.2954460424985,-1366.9461015395464,0.8531101494398539,0.7870568005207068,0.06605334891914705,161.89431565377564,0.0021431715076432934,0.0021431715076432934,0.0,20.74758698313998,0.00015537816178331,0.2968503473006012
noisy,E_noisy,160,10,1109.9911550282413,2387.2954460424985,1277.3042910142572,0.8461850867919115,0.7870568005207068,0.0591282862712047,132.21251962769017,-0.0003462531323971174,-0.0003462531323971174,0.0,-1.4840898013042731,-0.00012447123200202054,-0.9344218397314067
noisy,E_noisy,180,10,4708.8735066201125,2387.2954460424985,-2321.578060577614,0.8293184259358761,0.7870568005207068,0.04226162541516931,-179.94411757959355,-0.0008433330428017693,-0.0008433330428017693,0.0,-15.607831860364186,-2.4853995520232595e-05,-1.817560683785177
noisy,E_noisy,200,10,1134.92155657538,2387.2954460424985,1252.3738894671185,0.833542459232721,0.7870568005207068,0.046485658712014155,178.69759750223662,0.00021120166484224213,0.00021120166484224213,0.0,17.93208575409151,5.272673538220058e-05,-0.5394493989814518
noisy,E_noisy,220,10,3103.4501354302765,2387.2954460424985,-716.154689387778,0.8365195413324424,0.7870568005207068,0.04946274081173563,-98.42642894274482,0.00014885410498607365,0.00014885410498607365,0.0,-13.856201322249072,-3.117377992808424e-06,-0.5718377677871421
noisy,E_noisy,240,10,3104.4523049979853,2387.2954460424985,-717.1568589554868,0.8333959889194436,0.7870568005207068,0.04633918839873674,-0.05010847838543668,-0.00015617762064994433,-0.00015617762064994433,0.0,4.918816023217969,-1.5251586281800897e-05,1.0013993758367559
noisy,E_noisy,260,10,2241.490086979884,2387.2954460424985,145.80535906261457,0.8195222931574607,0.7870568005207068,0.03246549263675391,43.14811090090507,-0.0006936847880991415,-0.0006936847880991415,0.0,2.1599109689645255,-2.6875358372459854e-05,-0.20331027618556816
noisy,E_noisy,280,10,330.09158642050625,2387.2954460424985,2057.2038596219923,0.8092133334440772,0.7870568005207068,0.022156532923370387,95.56992502796888,-0.0005154479856691763,-0.0005154479856691763,0.0,2.6210907063531907,8.911840121498258e-06,14.109247237877915
noisy,E_noisy,300,10,1740.2137363555794,2387.2954460424985,647.0817096869191,0.8222112461916548,0.7870568005207068,0.03515444567094794,-70.50610749675366,0.0006498956373788778,0.0006498956373788778,0.0,-8.303801626236126,5.826718115240271e-05,0.31454428138484014
noisy,E_noisy,320,10,93.50222867852443,2387.2954460424985,2293.7932173639742,0.8309813500517846,0.7870568005207068,0.04392454953107783,82.33557538385276,0.00043850519300649425,0.00043850519300649425,0.0,7.642084144030321,-1.0569522218619178e-05,3.544827775264722
noisy,E_noisy,340,10,264.7355074832318,2387.2954460424985,2122.559938559267,0.8277625451430894,0.7870568005207068,0.040705744622382634,-8.561663940235372,-0.00016094024543475972,-0.00016094024543475972,0.0,-4.544861966204406,-2.99722719220627e-05,0.9253492958700573
noisy,E_noisy,360,10,1142.9531663977843,2387.2954460424985,1244.3422796447142,0.842167064852944,0.7870568005207068,0.0551102643322372,-43.910882945727636,0.0007202259854927284,0.0007202259854927284,0.0,-1.7674609502746133,4.405831154637441e-05,0.5862460027815932
noisy,E_noisy,380,10,833.2953333704133,2387.2954460424985,1554.0001126720852,0.820630817156212,0.7870568005207068,0.03357401663550519,15.48289165136855,-0.0010768123848366006,-0.0010768123848366006,0.0,2.969688729854809,-8.985191851646646e-05,1.2488526172363
noisy,E_noisy,400,10,1998.9494764408043,2387.2954460424985,388.34596960169415,0.8181683399954545,0.7870568005207068,0.03111153947474765,-58.28270715351955,-0.00012312385803787685,-0.00012312385803787685,0.0,-3.688279940244405,4.7684426339936194e-05,0.24990086322061958
noisy,E_noisy,420,10,74.05500020806014,2387.2954460424985,2313.2404458344386,0.7988428325350759,0.7870568005207068,0.011786032014369119,96.24472381163721,-0.0009662753730189267,-0.0009662753730189267,0.0,7.7263715482578395,-4.2157575749052495e-05,5.956648521953264
noisy,E_noisy,440,10,2392.42665026585,2387.2954460424985,-5.131204223351688,0.8001671362017854,0.7870568005207068,0.013110335681078555,-115.9185825028895,6.621518333547183e-05,6.621518333547183e-05,0.0,-10.608165315726335,5.162452781771993e-05,-0.002218188875519486
noisy,E_noisy,460,10,380.3010669320522,2387.2954460424985,2006.9943791104463,0.8165070827394572,0.7870568005207068,0.029450282218750345,100.6062791666899,0.0008169973268835895,0.0008169973268835895,0.0,10.826243083478971,3.753910717740589e-05,-391.1351588729952
noisy,E_noisy,480,10,510.66781102142824,2387.2954460424985,1876.6276350210703,0.8282808293414338,0.7870568005207068,0.041224028820726955,-6.518337204468798,0.0005886873300988305,0.0005886873300988305,0.0,-5.356230818557934,-1.141549983923795e-05,0.9350437921270323
noisy,E_noisy,500,10,1898.8913605870673,2387.2954460424985,488.4040854554312,0.8325082058282466,0.7870568005207068,0.04545140530753977,-69.41117747828196,0.00021136882434064086,0.00021136882434064086,0.0,-3.1446420136906577,-1.886592528790948e-05,0.2602562577364729
hetero,E_noisy,20,10,6343.810533959755,725.4778222792847,-5618.33271168047,0.9539673763744526,0.895436611712282,0.058530764662170665,,,,,,,
hetero,E_noisy,40,10,822.2773819843917,725.4778222792847,-96.79955970510696,0.9320936572873065,0.895436611712282,0.03665704557502458,276.0766575987682,-0.0010936859543573042,-0.0010936859543573042,0.0,,,0.01722923234928067
hetero,E_noisy,60,10,1215.9180576726444,725.4778222792847,-490.44023539335967,0.9288462235247705,0.895436611712282,0.03340961181248858,-19.682033784412635,-0.00016237168812680003,-0.00016237168812680003,0.0,-14.78793456915904,4.656571331152521e-05,5.066554402596988
hetero,E_noisy,80,10,6561.607905029086,725.4778222792847,-5836.130082749802,0.9265225930528119,0.895436611712282,0.031085981340529978,-267.28449236782205,-0.00011618152359793021,-0.00011618152359793021,0.0,-12.380122929170472,2.309508226443491e-06,11.899778324812418
hetero,E_noisy,100,10,3213.6814786410405,725.4778222792847,-2488.2036563617557,0.9157369530766477,0.895436611712282,0.02030034136436576,167.3963213194023,-0.0005392819988082109,-0.0005392819988082109,0.0,21.73404068436122,-2.1155023760514033e-05,0.4263447903116978
hetero,E_noisy,120,10,609.7997848333151,725.4778222792847,115.67803744596961,0.9067174812537054,0.895436611712282,0.011280869541423488,130.19408469038626,-0.00045097359114711354,-0.00045097359114711354,0.0,-1.8601118314508014,4.415420383054868e-06,-0.04649058253339025
hetero,E_noisy,140,10,1330.2161326351397,725.4778222792847,-604.738310355855,0.9065099116780511,0.895436611712282,0.011073299965769112,-36.02081739009123,-1.0378478782718803e-05,-1.0378478782718803e-05,0.0,-8.310745104023875,2.2029755618219737e-05,-5.227771180318594
hetero,E_noisy,160,10,623.0125302056149,725.4778222792847,102.46529207366984,0.9009946291646164,0.895436611712282,0.005558017452334418,35.36018012147624,-0.0002757641256717347,-0.0002757641256717347,0.0,3.5690498755783735,-1.3269282344450796e-05,-0.16943740841120963
hetero,E_noisy,180,10,1651.0496930934478,725.4778222792847,-925.571870814163,0.9066921662518659,0.895436611712282,0.011255554539583934,-51.401858144391646,0.0002848768543624758,0.0002848768543624758,0.0,-4.338101913293395,2.8032049001710525e-05,-9.033028180397917
hetero,E_noisy,200,10,291.2579954905015,725.4778222792847,434.2198267887832,0.9054782457257187,0.895436611712282,0.010041634013436718,67.9895848801473,-6.069602630736082e-05,-6.069602630736082e-05,0.0,5.969572151226947,-1.727864403349183e-05,-0.4691368012370875
hetero,E_noisy,220,10,1690.9571229958653,725.4778222792847,-965.4793007165806,0.909167147636157,0.895436611712282,0.013730535923875076,-69.98495637526818,0.0001844450955219179,0.0001844450955219179,0.0,-6.898727062770774,1.2257056091463935e-05,-2.223480461167926
hetero,E_noisy,240,10,3244.134587613667,725.4778222792847,-2518.6567653343823,0.9091893512242529,0.895436611712282,0.01375273951197098,-77.65887323089008,1.1101794047951863e-06,1.1101794047951863e-06,0.0,-0.38369584278109486,-9.166745805856136e-06,2.608711303769051
hetero,E_noisy,260,10,214.95522548324823,725.4778222792847,510.5225967960365,0.9008264583437923,0.895436611712282,0.00538984663151032,151.45896810652093,-0.000418144644023033,-0.000418144644023033,0.0,11.45589206687055,-2.096274117139141e-05,-0.202696375235654
hetero,E_noisy,280,10,504.11159342002577,725.4778222792847,221.36622885925897,0.899889645687047,0.895436611712282,0.004453033974765042,-14.457818396838878,-4.684063283726392e-05,-4.684063283726392e-05,0.0,-8.295839325167991,1.8565200559288455e-05,0.43360711210144337
hetero,E_noisy,300,10,1424.8899894222848,725.4778222792847,-699.412167143,0.9068787619492289,0.895436611712282,0.011442150236946946,-46.03891980011295,0.0003494558131090952,0.0003494558131090952,0.0,-1.5790550701637036,1.9814822297317955e-05,-3.159525148651626
hetero,E_noisy,320,10,783.3545098823554,725.4778222792847,-57.87668760307065,0.9128945192199392,0.895436611712282,0.0174579075076573,32.07677397699647,0.0003007878635355177,0.0003007878635355177,0.0,3.9057846888554706,-2.4333974786788777e-06,0.08275047292855763
hetero,E_noisy,340,10,435.988102518717,725.4778222792847,289.4897197605677,0.9007843029378112,0.895436611712282,0.00534769122552925,17.36832036818192,-0.0006055108141064025,-0.0006055108141064025,0.0,-0.7354226804407276,-4.531493388209601e-05,-5.001836348098276
hetero,E_noisy,360,10,134.95075774605112,725.4778222792847,590.5270645332337,0.9039658341984215,0.895436611712282,0.00852922248613952,15.051867238633298,0.00015907656303051353,0.00015907656303051353,0.0,-0.11582265647743109,3.82293688568458e-05,2.0398895857913333
hetero,E_noisy,380,10,785.089518019332,725.4778222792847,-59.61169574004725,0.8975152905557164,0.895436611712282,0.0020786788434344894,-32.50693801366405,-0.00032252718213525157,-0.00032252718213525157,0.0,-2.3779402626148674,-2.4080187258288255e-05,-0.10094659384860832
hetero,E_noisy,400,10,996.5840342450389,725.4778222792847,-271.10621196575414,0.8967222288575573,0.895436611712282,0.0012856171452753085,-10.574725811285344,-3.965308490795905e-05,-3.965308490795905e-05,0.0,1.0966106101189352,1.4143704861364627e-05,4.547869484337189
hetero,E_noisy,420,10,700.9797990681725,725.4778222792847,24.49802321111224,0.8984544097138547,0.895436611712282,0.003017798001572758,14.780211758843318,8.660904281487247e-05,8.660904281487247e-05,0.0,1.2677468785064332,6.313106386141576e-06,-0.09036319394336419
hetero,E_noisy,440,10,443.5456872909711,725.4778222792847,281.93213498831363,0.8912320431606747,0.895436611712282,-0.004204568551607224,12.87170558886007,-0.0003611183276589991,-0.0003611183276589991,0.0,-0.09542530849916239,-2.2386368523693582e-05,11.508362636395493
hetero,E_noisy,460,10,150.38045067253523,725.4778222792847,575.0973716067494,0.9019169778225468,0.895436611712282,0.0064803661102648125,14.658261830921791,0.0005342467330936018,0.0005342467330936018,0.0,0.08932781210308605,4.476825303763005e-05,2.0398432822515526
hetero,E_noisy,480,10,496.127122468753,725.4778222792847,229.35069981053175,0.9039467060258852,0.895436611712282,0.008510094313603278,-17.287333589810885,0.00010148641016692328,0.00010148641016692328,0.0,-1.5972797710366338,-2.1638016146333926e-05,0.39880324816953144
hetero,E_noisy,500,10,921.2855044723756,725.4778222792847,-195.80768219309084,0.9043312325036629,0.895436611712282,0.008894620791380925,-21.25791910018113,1.9226323888882347e-05,1.9226323888882347e-05,0.0,-0.19852927551851227,-4.113004313902047e-06,-0.8537479168576724
